{"stats":{"minecraft:used":{"minecraft:dirt":3},"minecraft:picked_up":{"minecraft:wheat_seeds":1,"minecraft:dirt":3},"minecraft:custom":{"minecraft:jump":191,"minecraft:time_since_rest":456,"minecraft:deaths":1,"minecraft:crouch_one_cm":302,"minecraft:leave_game":1,"minecraft:play_time":9697,"minecraft:sprint_one_cm":11258,"minecraft:damage_taken":200,"minecraft:time_since_death":349,"minecraft:walk_one_cm":2847,"minecraft:climb_one_cm":4593,"minecraft:sneak_time":128,"minecraft:total_world_time":9697,"minecraft:drop":1,"minecraft:fly_one_cm":50669,"minecraft:fall_one_cm":9170},"minecraft:mined":{"minecraft:short_grass":11,"minecraft:grass_block":1,"minecraft:dirt":2,"minecraft:fern":10},"minecraft:dropped":{"minecraft:wheat_seeds":1}},"DataVersion":3839}