{"stats":{"minecraft:mined":{"minecraft:short_grass":37,"minecraft:grass_block":3,"minecraft:birch_log":12,"minecraft:birch_leaves":1,"minecraft:oak_leaves":11,"minecraft:crafting_table":1,"minecraft:fern":15},"minecraft:killed":{"minecraft:sheep":9},"minecraft:custom":{"minecraft:time_since_rest":8369,"minecraft:crouch_one_cm":1319,"minecraft:play_time":8369,"minecraft:sprint_one_cm":14696,"minecraft:walk_one_cm":9151,"minecraft:sneak_time":808,"minecraft:mob_kills":9,"minecraft:drop":2,"minecraft:jump":160,"minecraft:damage_dealt":720,"minecraft:leave_game":1,"minecraft:time_since_death":8369,"minecraft:total_world_time":8369,"minecraft:climb_one_cm":123,"minecraft:interact_with_crafting_table":1,"minecraft:fly_one_cm":30933,"minecraft:fall_one_cm":4296},"minecraft:dropped":{"minecraft:mutton":1,"minecraft:white_wool":1},"minecraft:used":{"minecraft:wooden_axe":18,"minecraft:dirt":3,"minecraft:crafting_table":1},"minecraft:picked_up":{"minecraft:birch_log":12,"minecraft:stick":6,"minecraft:crafting_table":1,"minecraft:wheat_seeds":3,"minecraft:birch_sapling":1,"minecraft:black_wool":1,"minecraft:mutton":14,"minecraft:dirt":3,"minecraft:white_wool":9},"minecraft:crafted":{"minecraft:birch_planks":12,"minecraft:crafting_table":1,"minecraft:wooden_axe":1}},"DataVersion":3839}